{"cameraMode":{"drawMode":0,"name":"Shaded","section":"Shading Mode"},"sceneLighting":true,"audioPlay":false,"sceneViewState":{"showFog":false,"showMaterialUpdate":false,"showSkybox":true,"showFlares":false,"showImageEffects":false,"showParticleSystems":true},"in2DMode":false,"pivot":{"x":29.828275680541993,"y":-45.17992401123047,"z":13.23391056060791},"rotation":{"x":-0.366879403591156,"y":-0.539109468460083,"z":0.28087863326072695,"w":-0.7041786909103394},"size":65.32626342773438,"orthographic":false}